{
    "Precision@10": 0.08,
    "Recall@10": 0.0867601076673973,
    "F1@10": 0.07385354083263412,
    "HitRate@10": 0.54,
    "UserCoverage": 1.0,
    "num_users_evaluated": 100
}